Tier,Original Author,Style Name,Style Features
1,Julia Donaldson,Rhythmic Circle,"Catchy rhymes, strong rhythm, repeating refrains, circular stories where endings return to beginnings"
1,Dr. Seuss,Playful Beat,"Bouncy rhythm, invented words, simple vocabulary with complex patterns, stories that build with repetition"
1,Eric Carle,Nature Layers,"Simple sentences, focus on nature and learning, stories that layer details cumulatively, gentle educational tone"
1,Mo Willems,Talk & Laugh,"Conversational tone, lots of dialogue, humor and real-feeling emotions, stories that ask readers to participate"
1,Margaret Wise Brown,Gentle Senses,"Soothing rhythm, sensory language, repetitive and calming, stories seen through a child's eyes"
2,Bill Martin Jr.,Call & Build,"Call-and-response patterns, rhythmic and predictable, suspense built through repetition, invites reader engagement"
2,Sandra Boynton,Silly Bounce,"Goofy humor, simple rhymes with twists, character-driven fun, stories that surprise even as they repeat"
2,Pat Hutchins,Cause & Solve,"Clear problem-solving, cause-and-effect storytelling, gentle lessons, kids take charge in finding solutions"
2,Rosemary Wells,Family Heart,"Warm family stories, emotional honesty, simple expressive language, explores sibling and family relationships"
2,Lynne Reid Banks,Adventure Choice,"Exciting adventures, kids making big decisions, clear morals, lively conversation and empowerment"